"id","record_id","courier_id","user_id","size","time","image"
"124","R_2_20190714222145321","3","2","2","2019/8/14 22:21:41","[""////fenglingdu-1259783871.cos.ap-beijing.myqcloud.com/users/user-2/timg.jpg"",""fenglingdu-1259783871.cos.ap-beijing.myqcloud.com/users/user-2/timg.jpg""]"
"125","R_2_20190714223110887","1","2","1","2019/8/14 22:31:06","[""fenglingdu-1259783871.cos.ap-beijing.myqcloud.com/users/user-2/timg.jpg""]"
"126","R_2_20190714225920125","1","2","1","2019/8/14 22:59:16","[""fenglingdu-1259783871.cos.ap-beijing.myqcloud.com/users/user-2/timg.jpg""]"
"127","R_2_20190715103456255","3","2","2","2019/8/15 10:34:56","[""//fenglingdu-1259783871.cos.ap-beijing.myqcloud.com/users/user-2/IMG_20190812_192006.jpg"",""fenglingdu-1259783871.cos.ap-beijing.myqcloud.com/users/user-2/%E5%9B%BE%E7%89%87.png""]"
"128","R_1_20190715104729611","2","1","1","2019/8/15 10:47:29","[""fenglingdu-1259783871.cos.ap-beijing.myqcloud.com/users/user-1/mmexport1547344106612.jpg""]"
"129","R_2_20190715231002735","2","2","1","2019/8/15 23:09:58","[]"
"130","R_2_20190715234511564","1","2","2","2019/8/15 23:45:07","[]"
"131","R_2_20190715234514054","2","2","1","2019/8/15 23:45:09","[]"
"132","R_2_20190715234516239","1","2","1","2019/8/15 23:45:11","[]"
"133","R_2_20190715234519434","3","2","1","2019/8/15 23:45:14","[]"
"134","R_2_20190715234521814","3","2","2","2019/8/15 23:45:17","[]"
"135","R_2_20190715234524010","1","2","2","2019/8/15 23:45:19","[]"
"136","R_1_20190717231802944","2","1","1","2019/8/17 23:18:02","[""fenglingdu-1259783871.cos.ap-beijing.myqcloud.com/users/user-1/timg.jpg""]"
"137","R_2_20190718112850215","2","2","1","2019/8/18 11:28:50","[""fenglingdu-1259783871.cos.ap-beijing.myqcloud.com/users/user-2/timg.jpg""]"
"138","R_2_20190718112856214","3","2","2","2019/8/18 11:28:56","[""fenglingdu-1259783871.cos.ap-beijing.myqcloud.com/users/user-2/timg.jpg""]"
"139","R_2_20190719225032046","1","2","1","2019/8/19 22:50:30","[""fenglingdu-1259783871.cos.ap-beijing.myqcloud.com/users/user-2/timg.jpg""]"
"140","R_2_20190719225039031","3","2","2","2019/8/19 22:50:37","[""fenglingdu-1259783871.cos.ap-beijing.myqcloud.com/users/user-2/timg.jpg""]"
"141","R_2_20190719225044415","2","2","1","2019/8/19 22:50:43","[""fenglingdu-1259783871.cos.ap-beijing.myqcloud.com/users/user-2/timg.jpg""]"
"142","R_2_20190719225058981","3","2","2","2019/8/19 22:50:57","[]"
"143","R_2_20190719225101910","3","2","1","2019/8/19 22:51:00","[]"
"144","R_2_20190720145735700","2","2","1","2019/8/20 14:57:35","[]"
"145","R_2_20190720145738533","1","2","2","2019/8/20 14:57:38","[]"
"146","R_2_20190720145741207","1","2","2","2019/8/20 14:57:41","[]"
"147","R_2_20190720145744495","2","2","1","2019/8/20 14:57:44","[]"
"148","R_2_20190720145746574","3","2","1","2019/8/20 14:57:46","[""fenglingdu-1259783871.cos.ap-beijing.myqcloud.com/users/user-2/H5.png""]"
"149","R_2_20190721143510265","3","2","2","2019/8/21 14:35:10","[""fenglingdu-1259783871.cos.ap-beijing.myqcloud.com/users/user-2/rottweiler-head.jpg""]"
"150","R_2_20190721155123824","3","2","1","2019/8/21 15:51:23","[]"
"151","R_2_20190721161808319","2","2","1","2019/8/21 16:18:08","[]"
"152","R_2_20190721161810749","3","2","2","2019/8/21 16:18:10","[]"
"153","R_2_20190721161813610","1","2","2","2019/8/21 16:18:13","[]"
"154","R_2_20190721161815977","1","2","2","2019/8/21 16:18:15","[]"
"155","R_2_20190721161818588","2","2","1","2019/8/21 16:18:18","[]"
"156","R_2_20190722141040832","2","2","1","2019/8/22 14:10:40","[]"
"157","R_2_20190722141042950","3","2","1","2019/8/22 14:10:42","[]"
"158","R_2_20190722141045475","1","2","2","2019/8/22 14:10:45","[]"
"159","R_2_20190725135052495","2","2","1","2019/8/25 13:50:52","[]"
"160","R_2_20190725135054938","2","2","1","2019/8/25 13:50:54","[]"
"161","R_2_20190725135057165","3","2","2","2019/8/25 13:50:56","[]"
"162","R_2_20190725135059525","3","2","2","2019/8/25 13:50:59","[]"
"163","R_2_20190725135101794","1","2","2","2019/8/25 13:51:01","[]"
"164","R_2_20190725135104087","1","2","2","2019/8/25 13:51:03","[]"
"165","R_2_20190725135106119","1","2","2","2019/8/25 13:51:05","[]"
"166","R_2_20190725141620755","3","2","2","2019/8/25 14:16:20","[""fenglingdu-1259783871.cos.ap-beijing.myqcloud.com/users/user-2/timg.jpg""]"
"167","R_2_20190725141641779","1","2","1","2019/8/25 14:16:41","[]"
"168","R_2_20190725141644246","1","2","1","2019/8/25 14:16:43","[]"
